{"precision":{"0":0.9300431241,"1":0.4797371303,"accuracy":0.793,"macro avg":0.7048901272,"weighted avg":0.8423835573},"recall":{"0":0.8033940397,"1":0.75,"accuracy":0.793,"macro avg":0.7766970199,"weighted avg":0.793},"f1-score":{"0":0.8620919387,"1":0.5851703407,"accuracy":0.793,"macro avg":0.7236311397,"weighted avg":0.8081845343},"support":{"0":2416.0,"1":584.0,"accuracy":0.793,"macro avg":3000.0,"weighted avg":3000.0}}