{"precision":{"0":0.8741694352,"1":0.4746621622,"accuracy":0.7953333333,"macro avg":0.6744157987,"weighted avg":0.7963986861},"recall":{"0":0.8712748344,"1":0.4811643836,"accuracy":0.7953333333,"macro avg":0.676219609,"weighted avg":0.7953333333},"f1-score":{"0":0.8727197347,"1":0.4778911565,"accuracy":0.7953333333,"macro avg":0.6753054456,"weighted avg":0.7958597714},"support":{"0":2416.0,"1":584.0,"accuracy":0.7953333333,"macro avg":3000.0,"weighted avg":3000.0}}