{"precision":{"0":0.9012036108,"1":0.3846918489,"accuracy":0.728,"macro avg":0.6429477299,"weighted avg":0.8006559878},"recall":{"0":0.7437913907,"1":0.6626712329,"accuracy":0.728,"macro avg":0.7032313118,"weighted avg":0.728},"f1-score":{"0":0.8149659864,"1":0.4867924528,"accuracy":0.728,"macro avg":0.6508792196,"weighted avg":0.7510815385},"support":{"0":2416.0,"1":584.0,"accuracy":0.728,"macro avg":3000.0,"weighted avg":3000.0}}