{"precision":{"0":0.9077333333,"1":0.3653333333,"accuracy":0.7043333333,"macro avg":0.6365333333,"weighted avg":0.8021461333},"recall":{"0":0.7044701987,"1":0.7037671233,"accuracy":0.7043333333,"macro avg":0.704118661,"weighted avg":0.7043333333},"f1-score":{"0":0.7932882778,"1":0.480983031,"accuracy":0.7043333333,"macro avg":0.6371356544,"weighted avg":0.7324928564},"support":{"0":2416.0,"1":584.0,"accuracy":0.7043333333,"macro avg":3000.0,"weighted avg":3000.0}}