{"precision":{"0":0.8926307448,"1":0.6575630252,"accuracy":0.8553333333,"macro avg":0.775096885,"weighted avg":0.8468708954},"recall":{"0":0.9325331126,"1":0.5359589041,"accuracy":0.8553333333,"macro avg":0.7342460083,"weighted avg":0.8553333333},"f1-score":{"0":0.912145749,"1":0.5905660377,"accuracy":0.8553333333,"macro avg":0.7513558934,"weighted avg":0.8495448985},"support":{"0":2416.0,"1":584.0,"accuracy":0.8553333333,"macro avg":3000.0,"weighted avg":3000.0}}